,id,city,lat,temp,humidity,cloudiness,windspeed
0,3491355,Black River,18.0264,84.2,57,13,5.68
1,5973108,Hearst,49.6835,23.25,87,100,7.0
2,3598787,Champerico,14.3,93.74,69,14,7.07
3,2155415,New Norfolk,-42.7826,49.5,98,39,2.75
4,5574999,Boulder,40.0833,49.73,29,1,0.0
5,118191,Rūdsar,37.1376,51.78,73,27,5.91
6,1735106,George Town,5.4112,76.95,88,20,0.0
7,1636426,Manggar,-2.8833,78.94,84,100,9.8
8,286987,Nizwá,22.9333,69.62,43,0,5.14
9,1515029,Ulaangom,49.9811,10.83,74,55,3.31
10,735365,Loutrós,40.5883,62.47,86,92,1.66
11,8079926,Labuhan,-6.8844,76.17,90,100,3.29
12,5855927,Hilo,19.7297,78.53,65,1,6.91
13,3450909,Rondonópolis,-16.4708,87.6,63,99,5.28
14,301101,Serik,36.9169,68.25,83,86,6.24
15,2026023,Bukachacha,52.9833,-0.76,94,92,1.21
16,3377301,Mabaruma,8.2,83.57,70,100,6.33
17,2070998,Geraldton,-28.7667,70.21,83,90,12.66
18,2032614,Baruun-Urt,46.6806,8.06,98,79,4.38
19,371745,Kutum,14.2,71.15,19,0,9.95
20,2110227,Butaritari,3.0707,81.27,78,61,13.31
21,2122090,Pevek,69.7008,0.88,83,100,1.74
22,3622247,Puerto Limón,10.0,78.69,83,75,8.05
23,1295765,Sittwe,20.15,74.52,69,100,6.71
24,2598243,Soubre,5.7856,79.5,80,70,5.23
25,2983272,Arrondissement de Rochefort,45.9167,41.05,76,98,10.33
26,2208425,Zuwārah,32.9312,61.93,54,100,23.2
27,2161515,Kiama,-34.6833,56.68,86,64,7.23
28,2514651,Los Llanos de Aridane,28.6585,62.35,72,40,13.8
29,3421319,Nuuk,64.1835,39.81,100,90,26.46
30,2112444,Kamaishi,39.2667,40.39,70,3,5.1
31,1501000,Kyshtovka,56.555,13.48,96,69,7.02
32,1633419,Padang,-0.9492,76.71,86,89,1.88
33,3385826,Umarizal,-5.9906,96.12,29,100,11.79
34,6050416,La Tuque,47.4334,26.85,46,98,2.3
35,5954718,Flin Flon,54.7682,13.84,79,90,5.75
36,5887798,Assiniboia,49.6334,48.02,57,93,14.97
37,3430443,Necochea,-38.5473,63.18,88,100,9.69
38,6170031,Tuktoyaktuk,69.4541,-9.4,77,90,18.41
39,5861897,Fairbanks,64.8378,-26.59,72,1,0.0
40,2136825,Isangel,-19.55,78.28,84,100,6.02
41,2012956,Yerbogachën,61.2767,-7.82,100,100,2.04
42,2347758,Bara,10.3744,77.94,19,34,5.48
43,3461888,Guarapari,-20.6667,76.89,78,82,3.31
44,2636790,Stornoway,58.2093,33.76,80,92,1.14
45,6295855,Beauceville,46.2179,20.86,68,94,3.44
46,2021618,Krasnokamensk,50.0979,0.03,95,9,4.38
47,2126123,Chokurdakh,70.6333,-39.46,100,71,0.56
48,5768244,Rapid Valley,44.0625,58.24,36,90,5.75
49,1067565,Beloha,-25.1667,64.0,64,4,14.92
50,1855540,Naze,28.3667,64.0,62,100,16.62
51,3576994,Cockburn Town,21.4612,80.56,65,40,8.05
52,3616234,Somotillo,13.0433,93.34,41,1,5.73
53,214614,Kamina,-8.7386,65.08,94,41,2.75
54,1235846,Matara,5.9485,75.61,91,100,3.58
55,2063523,Perth,-31.9333,63.84,87,75,16.11
56,780687,Berlevåg,70.8578,10.35,72,35,27.63
57,1637001,Luwuk,-0.9516,77.23,83,100,3.65
58,1651810,Airai,-8.9266,60.85,91,100,0.94
59,3874960,Port Montt,-41.4698,61.63,59,75,9.22
60,3654410,Manta,-0.95,83.98,65,75,10.36
61,2738381,Lata,40.1629,54.01,97,94,5.3
62,1268008,Kanniyākumāri,8.0833,78.51,85,100,12.97
63,4033356,Tiarei,-17.5333,82.42,79,49,16.33
64,2194098,Ahipara,-35.1667,63.23,79,100,2.64
65,5495360,Tucumcari,35.1717,62.44,25,1,18.41
66,5571109,Lake Shasta,40.6804,61.52,58,98,1.03
67,3373652,Oistins,13.0667,86.09,66,20,14.97
68,4034551,Faanui,-16.4833,81.37,74,100,10.94
69,2036933,Helong,42.5397,38.23,65,73,9.86
70,5850554,Makakilo City,21.3469,75.27,72,1,9.22
71,5369578,Madera,37.1666,60.1,28,0,3.47
72,544084,Koslan,63.4564,20.82,97,100,2.53
73,5106841,Albany,42.6001,30.61,72,92,4.99
74,1606343,Seka,17.9285,62.4,81,100,5.17
75,2270385,Camacha,33.0833,60.22,63,40,11.5
76,5983607,Inuvik,68.3499,-13.99,80,75,9.22
77,304183,Bayir,37.2687,59.52,74,100,8.05
78,5530921,Snyder,32.7179,61.14,25,1,5.75
79,2018735,Nyurba,63.2842,-16.31,100,70,3.2
80,2488835,Médéa,36.2642,37.85,74,8,13.62
81,1002145,George,-33.963,63.95,82,90,3.44
82,3893629,Coquimbo,-29.9533,65.48,69,3,10.27
83,2112309,Katsuura,35.1333,48.31,55,1,1.5
84,688675,Vysoke,50.3833,42.53,92,92,9.15
85,3466165,Cidreira,-30.1811,74.35,81,100,8.16
86,3105522,Bereda,43.2686,49.75,97,100,7.38
87,2027042,Batagay-Alyta,67.8006,-17.63,92,99,4.03
88,1494907,Plast,54.3691,21.25,75,100,9.89
89,1714733,Dingle,10.9995,75.38,94,74,7.63
90,5122534,Jamestown,42.097,33.57,93,90,11.5
91,5563839,Fortuna,40.5982,52.14,75,46,4.47
92,3906466,Riberalta,-10.9833,80.8,78,75,16.11
93,2122104,Petropavlovsk-Kamchatskiy,53.0452,7.39,66,0,4.47
94,2512186,Puerto del Rosario,28.5004,65.95,63,40,21.85
95,1516048,Khovd,48.0056,16.34,34,21,0.72
96,710033,Dmytrivka,45.9717,49.95,83,100,10.2
97,323786,Ankara,39.9199,47.59,81,0,1.14
98,2028028,Aksha,50.2814,3.7,89,89,2.82
99,3138076,Snåase,64.2457,11.61,92,48,4.03
100,3577430,Road Town,18.4167,86.04,62,40,8.05
101,1015776,Bredasdorp,-34.5322,64.51,78,26,9.66
102,5264475,New Richmond,45.123,36.55,35,1,11.5
103,3430863,Mar del Plata,-38.0023,66.22,88,90,16.11
104,1688781,City of San Pedro,14.35,78.03,89,20,1.14
105,2112802,Hasaki,35.7333,36.0,49,2,4.65
106,3761194,Miraflores,19.2167,69.75,33,25,3.71
107,2168305,Dubbo,-32.25,59.13,77,90,12.66
108,3588476,Tecpan,14.7623,65.52,49,45,5.41
109,3424607,Tasiilaq,65.6145,26.76,97,96,3.33
110,2123814,Leningradskiy,69.3833,-21.24,95,82,11.18
111,2075265,Busselton,-33.65,59.13,89,13,8.28
112,2250982,Kahone,14.15,91.67,21,100,10.85
113,4047434,Russell,32.3502,53.53,40,90,5.75
114,325304,Afşin,38.2477,46.96,80,6,5.01
115,1056899,Sambava,-14.2667,76.87,85,59,8.63
116,3883457,Lebu,-37.6167,57.27,64,5,19.6
117,2068110,Kununurra,-15.7667,76.98,83,5,0.0
118,6147353,Sicamous,50.8331,39.83,100,100,2.37
119,6050194,La Sarre,48.8002,19.58,69,83,1.97
120,1507390,Dikson,73.5069,-15.0,100,100,11.56
121,777019,Vardø,70.3705,15.78,86,40,17.27
122,3452900,Porto Belo,-27.1578,76.95,76,100,6.49
123,3355672,Lüderitz,-26.6481,62.53,81,4,9.98
124,3628473,San Cristobal,7.7669,78.98,48,70,4.68
125,2460954,Araouane,18.9048,75.92,23,3,10.31
126,3396016,Macapá,0.0389,91.38,58,75,12.66
127,750268,Bursa,40.1667,46.44,50,84,7.27
128,2172797,Cairns,-16.9167,76.95,88,75,6.91
129,523392,Naryan-Mar,67.6713,-8.36,100,84,5.3
130,1863495,Gushikawa,26.3544,69.39,68,1,13.8
131,2181625,Te Anau,-45.4167,48.15,71,24,0.58
132,1292037,Thayetmyo,19.3167,69.87,79,8,4.43
133,1642773,Japura,-0.3167,72.88,91,100,2.08
134,1701054,Marawi,7.9986,68.34,92,67,1.92
135,3450188,Santa Isabel,-23.3156,84.61,47,94,3.85
136,1504382,Kargasok,59.0556,26.51,95,100,6.53
137,5536630,Cedar City,37.6775,47.37,34,1,3.44
138,2175819,Biloela,-24.4167,71.58,88,76,7.7
139,5666176,Miles City,46.4083,52.77,46,1,6.91
140,1489656,Teya,60.3778,21.13,84,80,12.62
141,538685,Kurmanayevka,52.5093,28.9,95,100,12.01
142,276781,Beirut,33.8889,68.74,46,100,3.44
143,2742416,Barcelos,41.5388,53.74,91,99,9.55
144,1337612,Dhidhdhoo,6.8833,79.72,81,100,7.25
145,2026861,Berdigestyakh,62.0989,-3.89,98,100,5.3
146,2377457,Nouadhibou,20.931,69.78,64,100,14.97
147,3414079,Olafsvik,64.8945,42.39,96,100,5.99
148,2172880,Byron Bay,-28.65,66.13,88,92,8.72
149,6355222,Yulara,-25.2406,60.64,44,0,4.61
150,2017155,Saskylakh,71.9167,-16.29,99,99,5.08
151,286621,Salalah,17.0151,75.29,78,0,2.3
152,1568574,Qui Nhon,13.7667,75.99,94,100,9.37
153,4362001,Mayo,38.8876,55.98,49,9,4.34
154,1083968,Ambalavao,-21.8333,59.99,88,97,5.61
155,6050066,La Ronge,55.1001,23.25,74,90,12.66
156,53654,Mogadishu,2.0371,81.57,76,59,10.29
157,1504442,Karatuzskoye,53.6072,26.64,71,100,14.85
158,1271940,Farrukhnagar,17.0778,71.31,82,91,7.87
159,1171991,Liliani,32.2065,61.02,32,0,1.88
160,3352593,Tsumeb,-19.2333,71.31,67,77,4.43
161,3833112,Veinticinco de Mayo,-35.4323,60.93,95,100,14.45
162,2409914,Bonthe,7.5264,80.44,79,6,6.76
163,3874787,Punta Arenas,-53.15,50.11,57,75,29.93
164,3447998,Sarandi,-23.4436,92.75,38,20,11.5
165,3929611,San Jerónimo,-11.9472,56.35,67,99,4.74
166,2071860,Esperance,-33.8667,64.24,78,84,13.91
167,108410,Riyadh,24.6877,64.54,31,0,7.92
168,1705441,Lubao,14.9167,78.87,90,74,4.74
169,2127060,Arman',59.7,12.29,95,100,5.88
170,1269723,Ingrāj Bāzār,25.0,65.44,59,22,4.5
171,3385899,Tutóia,-2.7619,87.78,69,94,12.55
172,3126369,Carballo,43.213,53.29,92,98,8.77
173,1337605,Mahibadhoo,3.7833,82.27,73,100,14.12
174,5557293,Sitka,57.0531,31.89,86,75,5.75
175,1043893,Lichinga,-13.3128,69.89,78,0,5.75
176,5983720,Iqaluit,63.7506,24.53,63,90,6.91
177,2022064,Kirovskiy,45.0917,22.39,89,32,5.66
178,1488903,Turukhansk,65.8167,-8.07,100,88,3.65
179,7281807,Seddon,-37.8068,50.09,93,0,5.75
180,3449502,Santo Antônio do Leverger,-15.8656,95.38,62,100,4.85
181,2121373,Seymchan,62.8833,-23.21,94,100,0.69
182,2511180,Santa Cruz de La Palma,28.6835,66.34,72,40,13.8
183,1805935,Jiazi,22.8779,65.68,86,49,8.77
184,2656046,Bedford,52.1346,33.28,88,99,7.61
185,2221513,Tignère,7.3667,70.97,27,89,2.57
186,1259784,Phek,25.6667,40.37,96,15,1.74
187,2259383,Nkayi,-4.1841,75.24,89,99,2.8
188,1621313,Ambulu,-8.345,73.29,93,100,3.36
189,1852357,Shimoda,34.6667,50.02,59,63,5.17
190,5478673,Meadow Lake,34.8014,51.64,22,0,5.53
191,3374333,Praia,14.9215,75.74,69,75,25.32
192,2527087,Tiznit Province,29.5833,57.04,48,0,3.24
193,4020109,Atuona,-9.8,78.22,74,1,19.15
194,779683,Hammerfest,70.6634,9.05,72,0,12.66
195,5850511,Makaha,21.4694,75.11,83,75,0.0
196,1795632,Shenjiamen,29.9576,62.42,84,100,8.25
197,506763,Polyarny,69.1989,6.96,89,14,11.77
198,2729907,Longyearbyen,78.2186,8.44,61,75,26.46
199,1632694,Pangkalanbuun,-2.6833,70.83,98,100,2.24
200,964420,Port Elizabeth,-33.918,66.49,72,0,25.32
201,1045114,Inhambane,-23.865,72.01,66,0,11.45
202,1052944,Angoche,-16.2325,76.23,66,0,10.42
203,2037485,Erenhot,43.6475,23.72,71,100,5.73
204,1071296,Antalaha,-14.9003,75.0,88,70,6.87
205,779330,Kautokeino,69.0125,-9.83,100,100,7.23
206,2191562,Dunedin,-45.8742,55.22,65,56,3.67
207,3024035,Concarneau,47.875,40.39,87,99,4.72
208,1524606,Derzhavīnsk,51.1,11.3,77,100,7.34
209,3449747,Santa Vitória do Palmar,-33.5189,66.83,97,100,3.09
210,518619,Novaya Malykla,54.2,32.99,95,100,9.53
211,1269507,Jaisalmer,26.9147,69.46,27,0,9.44
212,7117100,Vila,42.0304,43.68,98,100,5.66
213,2059470,Victor Harbor,-35.5667,51.89,74,0,1.7
214,3520271,Ciudad Río Bravo,25.9833,67.78,52,40,13.8
215,6201424,Mataura,-46.1927,47.88,72,100,1.79
216,4031574,Provideniya,64.3833,-5.24,76,9,5.35
217,2132606,Samarai,-10.6167,81.66,80,100,6.44
218,5919850,Chapais,49.7834,15.58,83,100,8.08
219,4031742,Egvekinot,66.3167,-7.29,97,100,1.12
220,524901,Moscow,55.7522,36.0,94,100,4.43
221,6185377,Yellowknife,62.456,16.32,92,90,14.97
222,485660,Tsimmerbude,54.675,35.65,92,100,6.91
223,2038421,Bayan,46.0833,22.48,94,100,10.83
224,1267390,Kavaratti,10.5669,80.94,78,100,9.01
225,2446796,Bilma,18.6853,78.04,15,100,7.47
226,153772,Misasi,-3.0,71.92,76,100,6.35
227,3579925,St. George's,12.0564,85.68,74,20,17.27
228,5017822,Bemidji,47.4736,30.52,55,1,5.75
229,2090990,Mendi,-6.1761,55.51,97,100,1.77
230,1623251,Trenggalek,-8.05,74.91,89,100,1.45
231,1640902,Kawalu,-7.3817,70.77,95,35,0.72
232,5563397,Eureka,40.8021,52.41,82,79,4.7
233,910361,Limulunga,-15.0969,75.76,56,94,2.55
234,2167426,Emerald,-23.5333,73.54,100,90,6.91
235,3466980,Caravelas,-17.7125,80.73,76,13,12.17
236,2206939,Bluff,-46.6,53.19,73,65,18.03
237,3980180,Frontera,26.9333,65.95,59,40,0.0
238,5859699,College,64.8569,-26.72,71,75,0.0
239,4726521,San Patricio,28.017,59.83,62,100,9.46
240,3347719,Luena,-11.7833,62.73,96,100,3.36
241,1726832,Barahan,13.0121,79.25,74,100,3.83
242,3723593,Jérémie,18.65,81.05,72,36,6.64
243,1106643,Quatre Cocos,-20.2078,75.31,72,4,5.17
244,3393536,Olinda,-8.0089,83.93,70,40,10.36
245,1254133,Tuensang,26.2833,52.59,80,3,3.69
246,2014624,Udachny,66.4167,-22.41,97,96,2.82
247,6111862,Port Hardy,50.6996,50.18,93,75,2.3
248,3389822,Salinópolis,-0.6136,83.75,71,26,10.98
249,1819729,Hong Kong,22.2855,69.71,71,86,6.91
250,6167817,Torbay,47.6666,47.17,66,75,17.27
251,3871336,Santiago,-33.4569,85.44,18,0,5.75
252,2013986,Ust'-Barguzin,53.45,14.56,94,100,4.18
253,4500994,Burlington,39.8835,48.81,50,75,4.61
254,3985710,Cabo San Lucas,22.8909,79.11,65,90,3.44
255,3428068,San Vicente,-26.6167,68.65,90,100,2.15
256,4997191,Ionia,42.9873,35.82,64,90,16.11
257,5880054,Barrow,71.2906,-11.18,70,90,10.36
258,687526,Zavallya,48.2135,47.7,97,100,8.79
259,4021858,Guerrero Negro,27.9769,76.24,36,0,5.06
260,1814435,Dafeng,23.4517,58.77,67,1,3.74
261,3448221,São Sebastião do Paraíso,-20.9169,80.6,50,0,10.02
262,6690296,Saint-Joseph,-21.3667,75.58,85,34,2.68
263,3081752,Władysławowo,54.7909,35.15,83,100,5.53
264,2125693,Evensk,61.95,15.35,95,100,3.67
265,5905393,Bonavista,48.6499,41.0,77,7,21.9
266,3418910,Upernavik,72.7868,-8.57,76,0,10.2
267,5000950,Marquette,46.5333,29.64,78,90,12.24
268,191038,Kitui,-1.367,65.12,80,98,1.36
269,1801983,Luocheng,29.3848,53.26,85,100,2.77
270,5380437,Pacific Grove,36.6177,70.5,37,1,4.61
271,5991056,Kenora,49.8167,24.04,74,75,3.44
272,4513583,Hamilton,39.1834,44.6,42,1,14.97
273,3366880,Hermanus,-34.4187,64.45,83,51,9.4
274,64814,Bandarbeyla,9.4942,78.42,74,35,19.6
275,5554072,Juneau,58.3019,30.2,86,90,5.75
276,2025630,Chara,56.9064,-12.33,84,100,0.51
277,604490,Luleå,65.5842,-0.33,85,90,3.44
278,1491953,Shushenskoye,53.325,26.28,66,100,13.82
279,608271,Shubarkuduk,49.1447,21.9,85,100,7.2
280,2022572,Khatanga,71.9667,-9.08,98,100,9.35
281,4231997,Avera,33.194,57.22,27,60,12.48
282,2637142,Stafford,52.8052,32.27,96,96,8.75
283,1244926,Hambantota,6.1241,77.61,86,100,4.72
284,6319315,Fonte Boa,-2.4959,89.19,57,99,1.21
285,1168749,Nushki,29.5542,53.64,28,0,3.31
286,1090467,Boueni,-12.9025,78.78,77,12,4.09
287,2413419,Gunjur,13.2019,82.47,69,0,8.05
288,5767918,Pierre,44.3683,45.52,53,1,5.75
289,3837056,San Luis,-33.295,75.92,18,0,16.4
290,3698359,Chicama,-7.8447,64.94,66,100,10.45
291,3981432,Todos Santos,23.45,77.59,88,100,5.53
292,3353383,Rundu,-17.9333,73.38,67,100,0.83
293,3372964,Lagoa,39.05,60.42,55,56,2.06
294,3372760,Praia da Vitória,38.7333,57.45,88,20,3.51
295,1024701,Macia,-25.0269,71.01,67,0,7.45
296,2084442,Vanimo,-2.6741,76.55,91,100,4.65
297,1860034,Kariya,34.9833,42.78,48,92,3.87
298,3667323,Tello,3.0669,83.7,65,100,1.36
299,5882953,Aklavik,68.2191,-14.8,70,40,14.97
300,935214,Saint-Pierre,-21.3393,76.68,78,75,8.05
301,4031637,Lavrentiya,65.5833,-12.69,90,3,5.84
302,2013216,Vysokogornyy,50.1167,15.03,97,100,1.5
303,3421765,Nanortalik,60.1432,41.95,92,100,15.84
304,2186111,Ngunguru,-35.6167,64.65,71,100,1.03
305,2255304,Sémbé,1.6481,76.05,66,89,1.28
306,605155,Kiruna,67.8557,-17.48,76,100,0.0
307,418863,Isfahan,32.6572,37.04,48,83,2.24
308,475938,Velsk,61.0701,19.67,95,100,5.08
309,2361373,Diapaga,12.0708,82.29,15,100,7.52
310,1501429,Kuminskiy,58.6667,23.52,81,100,9.46
311,4267661,Arkansas City,37.062,55.47,41,1,0.0
312,3389062,Santo Antônio do Tauá,-1.1519,75.15,80,58,5.55
313,133964,Garmsār,35.2182,52.63,47,4,1.86
314,4035715,Avarua,-21.2078,77.05,65,0,4.61
315,4355274,Forestville,38.8451,55.13,38,1,6.91
316,2170577,Cooma,-36.2333,37.17,100,90,5.75
317,5354943,Half Moon Bay,37.4636,62.38,66,1,5.75
318,686090,Asău,46.4333,43.72,78,100,3.44
319,492860,Sindor,62.8629,25.7,97,100,5.77
320,3374888,Assomada,15.1,71.15,71,88,17.13
321,49747,Oddur,4.1213,77.68,65,46,7.92
322,2186239,New Plymouth,-39.0667,63.5,84,93,5.19
323,1277949,Badvel,14.75,72.82,94,100,6.26
324,4149635,Callaway,30.153,58.93,51,40,0.0
325,6096551,Pangnirtung,66.1451,26.6,54,75,12.66
326,1242110,Kalmunai,7.4167,78.62,85,98,4.05
327,2653755,Carmarthen,51.8555,42.73,87,75,17.27
328,3836620,Orán,-23.1322,77.56,60,95,4.16
329,749778,Çanakkale Province,40.0833,59.58,62,54,19.73
330,3893726,Constitución,-35.3333,65.5,53,3,21.94
331,1174451,Keti Bandar,24.1447,75.27,31,0,12.35
332,1513491,Yangi Marg`ilon,40.4272,34.52,80,16,4.61
333,2440371,Ouallam,14.3188,84.0,11,100,8.63
334,546105,Nikolskoye,59.7035,24.69,91,98,5.37
335,2450173,Taoudenni,22.6783,71.28,19,2,8.52
336,1507116,Dudinka,69.4058,-20.67,100,100,0.85
337,3416888,Grindavik,63.8424,43.27,100,90,14.97
338,934322,Mahébourg,-20.4081,75.49,83,20,3.44
339,1488429,Uray,60.1247,23.16,88,100,11.32
340,4360314,Langley Park,38.9887,55.31,38,40,8.05
341,1501988,Krasnozerskoye,53.9828,10.13,94,100,7.65
342,933995,Souillac,-20.5167,75.58,83,20,3.44
343,5097801,Fairview,40.8126,37.99,70,90,4.61
344,3369174,Calvinia,-31.4707,57.79,85,1,3.33
345,3684917,El Banco,9.0011,88.74,61,56,5.44
346,5374920,Morro Bay,35.3658,69.82,28,0,1.72
347,3694178,Pacasmayo,-7.4006,70.36,75,100,14.5
348,2015686,Talakan,50.3167,15.13,92,100,9.08
349,5513343,Sunrise Manor,36.2111,65.34,13,1,0.0
350,286245,Sur,22.5667,74.53,56,0,1.3
351,2447513,Arlit,18.7369,80.46,12,52,8.46
352,3393692,Itarema,-2.9248,83.25,69,33,15.93
353,7671223,Kloulklubed,7.0419,83.77,69,77,11.23
354,6085665,Nakusp,50.2499,39.54,100,100,1.14
355,4328010,Houma,29.5958,57.25,77,1,6.91
356,1861416,Ishigaki,24.3448,71.62,84,100,27.65
357,3833367,Ushuaia,-54.8,47.86,66,40,35.68
358,964432,Port Alfred,-33.5906,66.25,80,8,7.87
359,3527639,Felipe Carrillo Puerto,19.5833,83.3,53,100,3.38
360,2110560,Yamada,39.4667,38.08,74,2,4.9
361,1337281,Damphu,27.0721,52.9,72,18,4.97
362,2381972,Adrar,20.5022,63.61,29,0,11.52
363,5895424,Bay Roberts,47.5999,47.95,74,78,14.18
364,3390907,Quixadá,-4.9714,94.03,30,30,6.38
365,3456283,Niterói,-22.8833,76.26,81,40,12.66
366,1684245,Tagusao,9.1924,79.48,82,100,4.21
367,3470718,Barra do Bugres,-15.0725,88.16,64,92,6.64
368,305681,Kumluca,36.3703,65.93,76,97,4.99
369,3556334,Jatibonico,21.9419,80.31,52,6,8.3
370,1715335,Davila,18.4726,79.29,76,60,5.06
371,2022369,Kholtoson,50.2981,3.06,92,56,3.6
372,3175096,Laas,46.6166,32.41,93,100,6.6
373,3451138,Rio Grande,-32.035,77.11,83,100,11.79
374,86049,Jalu,29.0331,76.53,20,100,12.06
375,2012349,Krasnyy Chikoy,50.3643,10.51,93,100,0.85
376,3533445,Acatlán,20.15,64.96,57,8,9.78
377,1649150,Bengkulu,-3.8004,75.94,86,100,4.85
378,6180550,Whitehorse,60.7161,-5.03,84,20,3.44
379,1790437,Zhuhai,22.2769,69.33,68,0,12.66
380,1631637,Pemangkat,1.1667,76.64,82,85,5.19
381,2127202,Anadyr,64.75,1.9,85,90,4.47
382,5915327,Cap-aux-Meules,47.3821,32.02,69,90,21.85
383,5924351,Clyde River,70.4692,-3.77,84,100,16.11
384,4032420,Neiafu,-18.65,79.48,69,20,10.36
385,3838874,Río Cuarto,-33.1307,73.17,43,40,16.11
386,89113,Ajdabiya,30.7554,78.64,21,99,19.84
387,1495626,Pangody,65.85,-22.9,100,91,3.11
388,5282297,Bethel,41.3712,34.63,69,90,3.44
389,2063056,Port Augusta,-32.5,57.34,49,0,6.69
390,4126226,Pine Bluff,34.2284,60.58,44,1,10.36
391,212360,Kongolo,-5.3833,70.79,93,82,2.35
392,2618795,Klaksvík,62.2266,36.52,64,100,7.05
393,1608524,Nakhon Thai,17.1006,65.95,84,100,3.2
394,5972762,Hay River,60.8156,12.18,85,90,9.22
395,104515,Makkah al Mukarramah,21.4267,79.9,55,0,3.31
396,60019,Eyl,7.9803,78.37,72,7,18.32
397,2436400,Ati,13.2154,83.89,11,14,8.7
398,88533,Awjilah,29.1081,77.0,20,100,12.26
399,3139597,Sistranda,63.7256,21.16,69,92,14.97
400,778707,Mehamn,71.0357,10.31,92,36,13.51
401,6144312,Sept-Îles,50.2001,32.52,64,75,11.5
402,3587498,Acajutla,13.5928,95.34,47,86,8.25
403,2264557,Ponta do Sol,32.6667,63.23,76,57,8.52
404,2082539,Merauke,-8.4667,79.7,80,100,3.6
405,2966837,Athy,52.9914,32.38,96,71,5.61
406,338832,Dire Dawa,9.5931,68.05,54,5,1.88
407,2963155,Kinsale,51.7075,49.37,93,75,12.66
408,1519691,Sarkand,45.41,28.92,58,0,7.99
409,1254046,Tura,25.5198,59.68,67,5,3.47
410,1529484,Kumul,42.8,24.96,57,0,4.76
411,1847947,Shingū,33.7333,43.3,69,0,5.3
412,3664980,Boa Vista,2.8197,93.18,40,40,14.97
413,1636308,Manokwari,-0.8667,78.84,78,100,5.21
414,2315026,Kasongo-Lunda,-6.4667,69.42,96,99,1.66
415,2119932,Vanino,49.0869,22.71,84,100,3.24
416,4944903,Nantucket,41.2835,44.1,65,90,8.05
417,1684803,Tabuk,17.4189,72.3,93,29,3.27
418,3361934,Saldanha,-33.0117,64.45,85,0,5.44
419,4890925,Elk Grove Village,42.0039,39.25,36,20,18.41
420,3894426,Coyhaique,-45.5752,62.55,55,40,5.75
421,4676740,Brownsville,25.9018,67.82,61,40,11.5
422,583345,Aleksandrov Gay,50.147,37.17,79,76,10.09
423,2074865,Carnarvon,-24.8667,75.27,64,0,14.97
424,1624041,Ternate,0.8,78.35,82,100,1.21
425,5908723,Bridgewater,44.3835,38.93,65,100,14.97
426,5848280,Kapaa,22.0752,77.32,69,40,9.22
427,2348892,Auchi,7.0667,80.13,51,54,0.51
428,3421982,Maniitsoq,65.4167,37.89,94,100,19.06
429,2435837,Béboto,8.2668,77.29,22,59,2.68
430,5952554,Sturgeon Falls,46.3646,21.16,54,100,3.76
431,935215,Saint-Philippe,-21.3585,76.59,83,41,3.65
432,2441526,Madarounfa,13.3087,78.76,13,93,8.3
433,2249281,Linguère,15.3953,89.82,33,0,9.22
434,3354071,Oranjemund,-28.55,63.63,86,73,6.51
435,2028164,Deputatsky,69.3,-12.21,96,100,5.23
436,2013865,Ust'-Uda,54.1742,17.73,94,100,5.53
437,2641434,Northam,51.0333,40.62,74,99,21.07
438,1853174,Sakaiminato,35.55,35.58,100,40,5.75
439,2155562,Nelson Bay,-32.7167,60.85,76,100,6.15
440,2122389,Ossora,59.2353,31.89,99,100,19.89
441,2122605,Okhotsk,59.3833,-6.38,84,9,18.34
442,2171099,Codrington,-38.2667,48.04,92,1,7.99
443,5379533,Orange Cove,36.6244,61.12,24,0,3.24
444,3421719,Narsaq,60.9167,37.62,100,100,3.09
445,1810553,Gaogou,34.0175,52.29,87,68,4.41
446,2015179,Tommot,58.9564,-8.32,98,95,2.62
447,1831112,Kampot,10.6167,80.65,82,100,12.73
448,3622716,Nicoya,10.1483,89.15,69,57,11.9
449,2055868,Yantal',56.8471,16.41,93,100,8.34
450,3374083,Bathsheba,13.2167,86.61,66,20,14.97
451,3441890,Departamento de Maldonado,-34.6667,67.39,90,100,7.07
452,3471451,Arraial do Cabo,-22.9661,78.66,69,40,10.36
453,3984997,San Quintín,30.4833,73.0,34,0,8.57
454,2126710,Beringovskiy,63.05,3.65,96,97,4.97
455,2122493,Omsukchan,62.5333,-16.15,100,100,2.01
456,1510377,Belyy Yar,53.6039,26.49,50,0,11.18
457,1162959,Umarkot,25.3616,71.2,32,0,3.09
458,2630299,Hofn,64.2539,31.05,98,100,9.15
459,551846,Lagan,45.3929,46.78,91,100,12.46
460,2160517,Launceston,-41.45,46.04,93,0,3.44
461,3652758,Puerto Baquerizo Moreno,-0.9,69.66,82,92,11.18
462,2173911,Broken Hill,-31.95,60.51,72,23,8.05
463,3372707,Ribeira Grande,38.5167,61.2,67,20,6.91
464,3464100,Entre Rios,-11.9419,72.37,97,100,5.86
465,3382867,Totness,5.8833,82.11,70,13,9.78
466,1562414,Vung Tau,10.346,77.54,87,100,13.85
467,207596,Mweka,-4.85,68.25,95,82,1.07
468,5847411,Kahului,20.8947,78.82,65,20,13.8
469,618453,Zahnitkiv,48.0446,46.62,95,100,7.76
470,1252514,Mongar,27.2747,45.61,83,30,4.88
471,2139521,Noumea,-22.2763,76.98,83,48,10.63
472,2019935,Mnogovershinnyy,53.9353,16.27,95,100,3.87
473,3831208,Qaanaaq,77.484,-8.3,79,25,7.85
474,2303611,Esim,4.8699,79.86,81,100,6.49
475,2090021,Namatanai,-3.6667,79.54,82,82,5.84
476,556268,Ostrovnoy,68.0531,16.0,83,100,8.32
477,2396853,Omboué,-1.5746,77.34,87,58,6.73
478,1842966,Gijang,35.2442,38.93,44,38,5.93
479,72181,Marzuq,14.4,64.47,29,0,3.18
480,5969025,Haines Junction,60.7522,-23.85,69,100,1.14
481,4026082,Lázaro Cárdenas,17.9583,85.66,52,4,8.7
482,5377266,North Auburn,38.9313,63.19,45,1,0.0
483,2163355,Hobart,-42.8794,49.86,93,0,6.91
484,2180815,Tuatapere,-46.1333,55.31,55,29,1.92
485,4470244,Havelock,34.8791,63.25,36,94,8.77
486,2831083,Sontra,51.0667,32.9,97,82,2.55
487,3372472,Vila Franca do Campo,37.7167,61.21,70,96,4.92
488,6137462,Saint-Augustin,51.226,34.81,80,100,24.23
489,6125862,Roblin,51.23,23.38,78,100,10.6
490,2027316,Ayan,56.45,7.16,69,14,16.84
491,1259385,Port Blair,11.6667,79.86,74,11,7.54
492,6165406,Thompson,55.7435,6.96,78,40,3.44
493,5866583,Saint Paul Harbor,57.79,6.31,56,1,0.0
494,5554428,Ketchikan,55.3422,36.07,93,75,3.44
495,3616726,San Juan del Sur,11.2529,86.22,51,20,9.22
496,2448442,Yorosso,12.3536,83.32,14,100,6.33
497,1487860,Vagay,57.9375,20.71,82,100,7.07
498,102527,Sakakah,29.9697,60.37,34,3,4.23
499,3583446,San Miguel,13.4833,92.8,36,0,2.3
500,6620339,Karratha,-20.7377,81.23,62,11,4.41
501,2276492,Harper,4.375,79.34,81,49,5.79
502,2128975,Nemuro,43.3236,39.92,69,3,10.67
503,1634718,Muncar,-8.4333,72.75,94,100,2.93
504,3652764,Puerto Ayora,-0.7393,76.96,81,87,10.07
505,4535414,Durant,33.994,64.13,29,1,11.5
506,3137469,Sørland,67.667,31.86,59,100,14.45
507,2635650,Torquay,50.4638,40.48,75,79,15.26
508,550512,Kharovsk,59.9642,22.75,93,98,8.52
509,293842,Kiryat Gat,31.61,63.28,39,15,1.61
510,1855342,Nishihara,26.1842,69.08,68,75,13.8
511,125897,Lahijan,37.2061,53.38,77,84,2.51
512,4273680,Junction City,39.0286,51.66,37,1,8.05
513,3445026,Vila Velha,-20.3297,76.95,78,40,5.75
514,2537881,Safi,32.2994,58.05,54,0,20.58
515,6171633,Ucluelet,48.9329,52.11,95,100,2.01
516,2963295,Killybegs,54.6333,42.51,71,67,4.25
517,3430708,Mercedes,-34.6515,61.39,96,100,11.63
518,3577933,Chateaubelair,13.2833,82.92,79,75,2.3
519,2152659,Port Macquarie,-31.4333,60.76,84,100,5.88
520,3733861,Curillo,1.0333,91.6,45,98,4.92
521,2338660,Yaan,7.3833,82.83,32,89,3.06
522,1529376,Korla,41.7597,23.49,49,0,3.15
523,3423146,Ilulissat,69.2167,15.82,48,100,2.3
524,3374210,São Filipe,14.8961,76.91,70,93,14.29
525,3402648,Carutapera,-1.195,84.2,66,6,8.14
526,581049,Arkhangelsk,64.5401,3.31,85,75,2.24
527,2160910,Kyabram,-36.3167,57.52,72,1,5.59
528,4956335,Yarmouth,41.7057,37.76,70,90,9.22
529,157268,Kingori,-3.2833,73.78,69,20,13.8
530,1526041,Atasū,48.6814,13.68,66,11,7.43
531,2126199,Cherskiy,68.75,-9.02,99,100,6.42
532,5870133,Nome,64.5011,-16.53,69,1,5.75
533,6089245,Norman Wells,65.282,-15.25,95,99,6.38
534,6148373,Sioux Lookout,50.1001,23.07,63,90,6.91
535,3980627,Valle de Allende,26.9333,60.39,41,28,8.34
536,2396518,Port-Gentil,-0.7193,80.56,83,20,8.05
537,2027786,Amga,60.8953,-5.03,97,100,4.79
538,1490256,Talnakh,69.4865,-15.72,98,66,2.28
539,5955902,Fort Nelson,58.8053,-2.61,78,75,6.91
540,3443061,Chui,-33.6971,66.69,95,100,3.24
541,1264215,Makhu,31.1033,59.31,37,0,4.16
542,921786,Mitsamiouli,-11.3847,79.95,80,7,7.52
543,365763,Tonj,7.2737,84.74,35,38,4.23
544,2121385,Severo-Kuril'sk,50.6789,33.08,82,100,12.57
545,58933,Garoowe,8.4054,75.25,45,13,14.43
546,4030556,Rikitea,-23.1203,76.33,77,12,16.82
547,1816751,Beidao,34.5686,33.08,73,100,12.86
548,3899539,Antofagasta,-23.65,65.48,66,28,8.7
549,5546220,Saint George,37.1041,54.19,24,1,4.61
550,780717,Båtsfjord,70.6345,10.26,78,0,19.57
